<?xml version="1.0" encoding="utf-8"?>
<chart id="45">
  <P Name="name">MATLAB Function</P>
  <P Name="windowPosition">[422 539.941 189 413]</P>
  <P Name="viewLimits">[0 156.75 0 153.75]</P>
  <P Name="screen">[1 1 3600 1200 1.180555555555556]</P>
  <P Name="viewObj">45</P>
  <P Name="visible">1</P>
  <subviewS/>
  <P Name="ssIdHighWaterMark">8</P>
  <P Name="decomposition">CLUSTER_CHART</P>
  <P Name="type">EML_CHART</P>
  <P Name="chartFileNumber">4</P>
  <P Name="disableImplicitCasting">1</P>
  <eml>
    <P Name="name">cinematicainversa</P>
  </eml>
  <Children>
    <state SSID="1">
      <P Name="labelString">eML_blk_kernel()</P>
      <P Name="position">[18 64.5 118 66]</P>
      <P Name="fontSize">12</P>
      <P Name="superState">SUBCHART</P>
      <P Name="subviewer">45</P>
      <P Name="type">FUNC_STATE</P>
      <P Name="decomposition">CLUSTER_STATE</P>
      <eml>
        <P Name="isEML">1</P>
        <P Name="script">function config = cinematicainversa(pos,chute)

% Load the UR5e robot
UR5e = loadrobot(&quot;universalUR5e&quot;);

% Get default (home) configuration for ur5e
config = homeConfiguration(UR5e);

% Modify the joint positions
config(1).JointPosition = 0;
config(2).JointPosition = -pi/2;
config(3).JointPosition = 0;
config(4).JointPosition = 0;
config(5).JointPosition = -pi/2;
config(6).JointPosition = 0;

% === fixando juntas ===

% wrist_2_fixed
newJoint = rigidBodyJoint(&apos;wrist_2_fixed&apos;,&apos;fixed&apos;);
oldBody_wrist_2_link = getTransform(UR5e, config, &apos;wrist_2_link&apos;, &apos;wrist_1_link&apos;);
setFixedTransform(newJoint, oldBody_wrist_2_link);
replaceJoint(UR5e, &apos;wrist_2_link&apos;, newJoint);

% % wrist_3_fixed
% newJoint = rigidBodyJoint(&apos;wrist_3_fixed&apos;,&apos;fixed&apos;);
% oldBody_wrist_3_link = getBody(UR5e, &apos;wrist_3_link&apos;);
% setFixedTransform(newJoint, oldBody_wrist_3_link.Joint.JointToParentTransform);% Copia a transformação original da junta atual
% replaceJoint(UR5e, &apos;wrist_3_link&apos;, newJoint);

% === Alterando Limites ===

body = getBody(UR5e, &apos;shoulder_link&apos;);
body.Joint.PositionLimits = [-pi/2, pi/2];
replaceBody(UR5e, &apos;shoulder_link&apos;, body);

body = getBody(UR5e, &apos;upper_arm_link&apos;);
body.Joint.PositionLimits = [-pi, 0];
replaceBody(UR5e, &apos;upper_arm_link&apos;, body);

body = getBody(UR5e, &apos;forearm_link&apos;);
body.Joint.PositionLimits = [0, pi];
replaceBody(UR5e, &apos;forearm_link&apos;, body);

body = getBody(UR5e, &apos;wrist_1_link&apos;);
body.Joint.PositionLimits = [-pi/2, pi/2];
replaceBody(UR5e, &apos;wrist_1_link&apos;, body);

%%
% === Cinemática Inversa ===
ang_atual = [ 0.3729   -1.5888    1.6233   -1.5708];
pos = [0.4,0.3,0.4];
config = cinematica_inversa_generica(pos,UR5e,ang_atual);
ang_atual = config;

% %%
% % === Avaliando ===
% showdetails(UR5e)
% 
% % Percorre todos os corpos e imprime apenas as juntas revolute
% for i = 1:numel(UR5e.Bodies)
%     body = UR5e.Bodies{i};
%     joint = body.Joint;
% 
%     if strcmp(joint.Type, &apos;revolute&apos;)
%         fprintf(&quot;Joint: %-25s | Axis: [%g %g %g] | Limits: [%g, %g] | Home: %.2f\n&quot;, ...
%             joint.Name, ...
%             joint.JointAxis, ...
%             joint.PositionLimits(1), joint.PositionLimits(2), ...
%             joint.HomePosition);
%     end
% end

%cinematica
ik = inverseKinematics(&quot;RigidBodyTree&quot;, UR5e);

%Rotação do ponto final
rot = [0 pi 0];

% Pesos para o resolvedor de cinemática inversa
    ikWeights = [0. 0 0 1 1 1]; 
    
    % Configuração inicial guess
    initialIKGuess = homeConfiguration(UR5e);
    initialIKGuess(1).JointPosition = chute(1);
    initialIKGuess(2).JointPosition = chute(2);
    initialIKGuess(3).JointPosition = chute(3);
    initialIKGuess(4).JointPosition = chute(4);

    % Ajustes nas transformações das juntas
    gripperRotation = rot; %padrão [-pi/2 -pi 0] 
    tform = eul2tform(gripperRotation);
    tform(1:3,4) = pos&apos;; % Posição desejada
    
    % Resolve cinemática inversa
    [configSoln, solnInfo] = ik(&apos;tool0&apos;, tform, ikWeights, initialIKGuess);
    
    % Organiza as juntas na ordem [3 2 1 4 5 6]
     show(UR5e,configSoln);

    config = [configSoln(1).JointPosition configSoln(2).JointPosition configSoln(3).JointPosition...
              configSoln(4).JointPosition];
    disp(config);
    disp(solnInfo.Status);
    
    T = getTransform(UR5e, configSoln, &apos;tool0&apos;);
pos_final = tform2trvec(T);
disp(&quot;Coordenadas do corpo &apos;tool0&apos;:&quot;);
fprintf(&quot;X = %.4f m\nY = %.4f m\nZ = %.4f m\n&quot;, pos_final(1), pos_final(2), pos_final(3));

end</P>
      </eml>
    </state>
    <data SSID="4" name="pos">
      <P Name="scope">INPUT_DATA</P>
      <props>
        <array>
          <P Name="size">-1</P>
        </array>
        <type>
          <P Name="method">SF_INHERITED_TYPE</P>
          <P Name="primitive">SF_DOUBLE_TYPE</P>
        </type>
        <P Name="complexity">SF_COMPLEX_INHERITED</P>
        <unit>
          <P Name="name">inherit</P>
        </unit>
      </props>
      <P Name="dataType">Inherit: Same as Simulink</P>
    </data>
    <data SSID="5" name="config">
      <P Name="scope">OUTPUT_DATA</P>
      <props>
        <array>
          <P Name="size">-1</P>
        </array>
        <type>
          <P Name="method">SF_INHERITED_TYPE</P>
          <P Name="primitive">SF_DOUBLE_TYPE</P>
        </type>
        <P Name="complexity">SF_COMPLEX_INHERITED</P>
        <P Name="frame">SF_FRAME_NO</P>
        <unit>
          <P Name="name">inherit</P>
        </unit>
      </props>
      <P Name="dataType">Inherit: Same as Simulink</P>
    </data>
    <data SSID="8" name="chute">
      <P Name="scope">INPUT_DATA</P>
      <props>
        <array>
          <P Name="size">-1</P>
        </array>
        <type>
          <P Name="method">SF_INHERITED_TYPE</P>
          <P Name="primitive">SF_DOUBLE_TYPE</P>
          <P Name="isSigned">1</P>
          <P Name="wordLength">16</P>
        </type>
        <P Name="complexity">SF_COMPLEX_INHERITED</P>
        <P Name="frame">SF_FRAME_INHERITED</P>
        <unit>
          <P Name="name">inherit</P>
        </unit>
      </props>
      <P Name="dataType">Inherit: Same as Simulink</P>
    </data>
    <transition SSID="2">
      <P Name="labelString">{eML_blk_kernel();}</P>
      <P Name="labelPosition">[28.125 13.875 102.544 14.964]</P>
      <P Name="fontSize">12</P>
      <src>
        <P Name="intersection">[0 0 1 0 23.5747 14.625 0 0]</P>
      </src>
      <dst>
        <P Name="SSID">3</P>
        <P Name="intersection">[1 0 -1 0 23.5747 42.5747 0 0]</P>
      </dst>
      <P Name="midPoint">[23.5747 24.9468]</P>
      <P Name="dataLimits">[21.175 25.975 14.625 42.575]</P>
      <P Name="subviewer">45</P>
      <P Name="drawStyle">SMART</P>
      <slide>
        <P Name="sticky">BOTH_STICK</P>
      </slide>
      <P Name="executionOrder">1</P>
    </transition>
    <junction SSID="3">
      <P Name="position">[23.5747 49.5747 7]</P>
      <P Name="subviewer">45</P>
      <P Name="type">CONNECTIVE_JUNCTION</P>
    </junction>
  </Children>
</chart>
