{
    "GraphicalInterface":{
        "ExternalFileReferences":[
            {
                "Path":"$bdroot\/Gripper Subsystem\/Robot Sim3D Actor",
                "Reference":"sim3dlib\/Simulation 3D Actor",
                "SID":"3",
                "Type":"LIBRARY_BLOCK"
            },
            {
                "Path":"$bdroot\/Simulation 3D Robot",
                "Reference":"robotsim3dlib\/Simulation 3D Robot",
                "SID":"4",
                "Type":"LIBRARY_BLOCK"
            },
            {
                "Path":"$bdroot\/Simulation 3D Scene Configuration",
                "Reference":"sim3dlib\/Simulation 3D Scene Configuration",
                "SID":"1",
                "Type":"LIBRARY_BLOCK"
            },
            {
                "Path":"$bdroot\/Test World 1",
                "Reference":"sim3dlib\/Simulation 3D Actor",
                "SID":"2",
                "Type":"LIBRARY_BLOCK"
            },
            {
                "Path":"$bdroot\/camera subsystem\/Coordinate Transformation Conversion1",
                "Reference":"robotcorelib\/Coordinate Transformation Conversion",
                "SID":"37",
                "Type":"LIBRARY_BLOCK"
            },
            {
                "Path":"$bdroot\/camera subsystem\/Get Transform",
                "Reference":"robotmaniplib\/Get Transform",
                "SID":"38",
                "Type":"LIBRARY_BLOCK"
            },
            {
                "Path":"$bdroot\/camera subsystem\/Simulation 3D Actor",
                "Reference":"sim3dlib\/Simulation 3D Actor",
                "SID":"27",
                "Type":"LIBRARY_BLOCK"
            },
            {
                "Path":"$bdroot\/camera subsystem\/Simulation 3D Camera",
                "Reference":"sim3dcameralib\/Simulation 3D Camera",
                "SID":"28",
                "Type":"LIBRARY_BLOCK"
            }
        ],
        "PreCompExecutionDomainType":"Unset",
        "SimulinkSubDomainType":"Simulink",
        "SolverName":"FixedStepAuto"
    }
}