<?xml version="1.0" encoding="UTF-8"?>
<sltp_editor version="1.1" packageUris="http://schema.mathworks.com/mf0/DiagramEditor/R2019a_20181107 http://schema.mathworks.com/mf0/SltpSyntax/R2025a_202406271400">
  <diagram.editor.model.Diagram type="diagram.editor.model.Diagram" uuid="126b289d-0825-433d-a77c-06bf57b486c0">
    <entities type="diagram.editor.model.Entity" uuid="3fddffce-f89a-47a0-b217-c3699d91e741">
      <position>0,0</position>
      <size>0,0,0,0</size>
      <syntaxElement type="sltp.mm.syntax.Node" uuid="470cc5df-3747-46ec-99bc-3c689b4e6e3a"/>
      <title>D1</title>
      <type>implicit-periodic</type>
      <subDiagram type="diagram.editor.model.Diagram" uuid="775aac44-ab43-4413-b57d-6b22c23d30d8">
        <position>0,0</position>
        <syntaxElement type="sltp.mm.syntax.Graph" uuid="cf95a743-2333-4064-afc1-88bf77432e7a"/>
        <title>D1</title>
        <type>graph.Graph</type>
      </subDiagram>
    </entities>
    <syntaxElement type="sltp.mm.syntax.Graph" uuid="49f23a32-79d3-490c-a9a2-1b1c7eaee068"/>
    <title>Default</title>
    <type>graph.Graph</type>
  </diagram.editor.model.Diagram>
  <sltp.mm.syntax.Context type="sltp.mm.syntax.Context" uuid="98ddf2c0-ad3e-4608-9a73-60a6cba2973f">
    <rootGraph type="sltp.mm.syntax.Graph" uuid="49f23a32-79d3-490c-a9a2-1b1c7eaee068">
      <children type="sltp.mm.syntax.Node" uuid="470cc5df-3747-46ec-99bc-3c689b4e6e3a">
        <priority>40</priority>
        <rates type="sltp.mm.syntax.RateData">
          <color>#ff453a</color>
          <hasBlocks>true</hasBlocks>
          <rate>0.01</rate>
          <title>D1</title>
        </rates>
        <rates type="sltp.mm.syntax.RateData">
          <color>#3ac831</color>
          <hasBlocks>true</hasBlocks>
          <rate>1</rate>
          <title>D2</title>
        </rates>
        <title>D1</title>
        <type>implicit-periodic</type>
        <diagramElement type="diagram.editor.model.Entity" uuid="3fddffce-f89a-47a0-b217-c3699d91e741"/>
        <subgraph type="sltp.mm.syntax.Graph" uuid="cf95a743-2333-4064-afc1-88bf77432e7a">
          <title>D1</title>
          <diagramElement type="diagram.editor.model.Diagram" uuid="775aac44-ab43-4413-b57d-6b22c23d30d8"/>
        </subgraph>
      </children>
      <title>Default</title>
      <diagramElement type="diagram.editor.model.Diagram" uuid="126b289d-0825-433d-a77c-06bf57b486c0"/>
    </rootGraph>
  </sltp.mm.syntax.Context>
</sltp_editor>