<?xml version="1.0" encoding="UTF-8"?>
<sltp_graph version="1.1" packageUris="http://schema.mathworks.com/mf0/sltp_mm/R2025a_202406271200">
  <sltp.mm.core.Context type="sltp.mm.core.Context" uuid="7fa0e1ab-6224-400c-8c2c-f75b500509d3">
    <priorityDirection>HighNumberLast</priorityDirection>
    <defaultBarrierBehavior type="sltp.mm.core.BarrierBehavior" uuid="0895cb7d-c4b1-41e4-af8e-549eaa767d6c"/>
    <defaultEventBehavior type="sltp.mm.core.EventBehavior" uuid="e56e9a46-3702-478b-a85f-eea411448dc5"/>
    <editorState type="sltp.mm.core.EditorState" uuid="c9aac74d-0795-4a30-9992-2e3afe41e13c">
      <isSynchronized>true</isSynchronized>
      <panelState type="sltp.mm.core.EditorPanelState" uuid="375dfce2-3316-4955-85ec-11e5001e9d1a"/>
    </editorState>
    <rootTask type="sltp.mm.core.Task" uuid="d26f7cae-37b1-4673-9c96-87be1405e8b3">
      <context type="sltp.mm.core.Context" uuid="7fa0e1ab-6224-400c-8c2c-f75b500509d3"/>
      <explicit>false</explicit>
      <name>Default</name>
      <priority>-2147483648</priority>
      <subgraph type="sltp.mm.core.Graph" uuid="c1c2b952-1ac4-49bf-959d-3f6d4f433aba">
        <tasks type="sltp.mm.core.Task" uuid="2448dc4a-1ffa-4d62-9551-d84dfd1f2a54">
          <context type="sltp.mm.core.Context" uuid="7fa0e1ab-6224-400c-8c2c-f75b500509d3"/>
          <explicit>false</explicit>
          <id>1</id>
          <isTimed>true</isTimed>
          <name>D1</name>
          <priority>40</priority>
          <rates type="sltp.mm.core.Rate" uuid="63d7123c-611a-45ed-a919-66efeed08237">
            <annotation>D1</annotation>
            <color>-12240129</color>
            <hasBlocks>true</hasBlocks>
            <identifier>ClassicPeriodicDiscrete0.010</identifier>
            <rateIndex>0</rateIndex>
            <rateSpec type="sltp.mm.core.RateSpec">
              <period>.01</period>
            </rateSpec>
            <sti>0</sti>
          </rates>
          <rates type="sltp.mm.core.Rate" uuid="744ec00c-470f-4e9d-8ae5-532f90f607c7">
            <annotation>D2</annotation>
            <color>986198527</color>
            <hasBlocks>true</hasBlocks>
            <rateIndex>1</rateIndex>
            <rateSpec type="sltp.mm.core.RateSpec">
              <period>1.0</period>
            </rateSpec>
            <sti>1</sti>
          </rates>
        </tasks>
      </subgraph>
    </rootTask>
  </sltp.mm.core.Context>
</sltp_graph>