<?xml version="1.0" encoding="utf-8"?>
<System>
  <P Name="Location">[223, 338, 826, 833]</P>
  <P Name="SIDHighWatermark">32</P>
  <Block BlockType="Inport" Name="left_event" SID="13::1">
    <P Name="Position">[20, 101, 40, 119]</P>
    <P Name="ZOrder">-1</P>
  </Block>
  <Block BlockType="Inport" Name="hitactorname_l" SID="13::28">
    <P Name="Position">[20, 136, 40, 154]</P>
    <P Name="ZOrder">19</P>
    <P Name="Port">2</P>
  </Block>
  <Block BlockType="Inport" Name="right_event" SID="13::29">
    <P Name="Position">[20, 171, 40, 189]</P>
    <P Name="ZOrder">20</P>
    <P Name="Port">3</P>
  </Block>
  <Block BlockType="Inport" Name="hitactorname_r" SID="13::30">
    <P Name="Position">[20, 206, 40, 224]</P>
    <P Name="ZOrder">21</P>
    <P Name="Port">4</P>
  </Block>
  <Block BlockType="Inport" Name="detachSignal" SID="13::31">
    <P Name="Position">[20, 246, 40, 264]</P>
    <P Name="ZOrder">22</P>
    <P Name="Port">5</P>
    <PortProperties>
      <Port Type="out" Index="1">
        <P Name="PropagatedSignals">Gripper Status</P>
      </Port>
    </PortProperties>
  </Block>
  <Block BlockType="Inport" Name="currentTime" SID="13::32">
    <P Name="Position">[20, 281, 40, 299]</P>
    <P Name="ZOrder">23</P>
    <P Name="Port">6</P>
  </Block>
  <Block BlockType="Demux" Name=" Demux " SID="13::26">
    <PortCounts in="1" out="1"/>
    <P Name="Position">[270, 230, 320, 270]</P>
    <P Name="ZOrder">17</P>
    <P Name="Outputs">1</P>
  </Block>
  <Block BlockType="S-Function" Name=" SFunction " SID="13::25">
    <P Name="Tag">Stateflow S-Function 2</P>
    <PortCounts in="6" out="2"/>
    <P Name="Position">[180, 107, 230, 248]</P>
    <P Name="ZOrder">16</P>
    <P Name="FunctionName">sf_sfun</P>
    <P Name="PortCounts">[6 2]</P>
    <P Name="SFunctionDeploymentMode">off</P>
    <P Name="EnableBusSupport">off</P>
    <P Name="SFcnIsStateOwnerBlock">off</P>
    <PortProperties>
      <Port Type="out" Index="2">
        <P Name="Name">targetGrasped</P>
      </Port>
    </PortProperties>
  </Block>
  <Block BlockType="Terminator" Name=" Terminator " SID="13::27">
    <P Name="Position">[460, 241, 480, 259]</P>
    <P Name="ZOrder">18</P>
  </Block>
  <Block BlockType="Outport" Name="targetGrasped" SID="13::5">
    <P Name="Position">[460, 101, 480, 119]</P>
    <P Name="ZOrder">-5</P>
  </Block>
  <Line>
    <P Name="ZOrder">35</P>
    <P Name="Src">13::1#out:1</P>
    <P Name="Dst">13::25#in:1</P>
  </Line>
  <Line>
    <P Name="ZOrder">36</P>
    <P Name="Src">13::28#out:1</P>
    <P Name="Points">[60, 0; 0, -5]</P>
    <P Name="Dst">13::25#in:2</P>
  </Line>
  <Line>
    <P Name="ZOrder">37</P>
    <P Name="Src">13::29#out:1</P>
    <P Name="Points">[75, 0; 0, -15]</P>
    <P Name="Dst">13::25#in:3</P>
  </Line>
  <Line>
    <P Name="ZOrder">38</P>
    <P Name="Src">13::30#out:1</P>
    <P Name="Points">[71, 0; 0, -25]</P>
    <P Name="Dst">13::25#in:4</P>
  </Line>
  <Line>
    <P Name="ZOrder">39</P>
    <P Name="Src">13::31#out:1</P>
    <P Name="Points">[103, 0; 0, -40]</P>
    <P Name="Dst">13::25#in:5</P>
  </Line>
  <Line>
    <P Name="ZOrder">40</P>
    <P Name="Src">13::32#out:1</P>
    <P Name="Points">[57, 0; 0, -50]</P>
    <P Name="Dst">13::25#in:6</P>
  </Line>
  <Line>
    <P Name="Name">targetGrasped</P>
    <P Name="ZOrder">41</P>
    <P Name="Labels">[0, 0]</P>
    <P Name="Src">13::25#out:2</P>
    <P Name="Points">[110, 0; 0, -105]</P>
    <P Name="Dst">13::5#in:1</P>
  </Line>
  <Line>
    <P Name="ZOrder">42</P>
    <P Name="Src">13::26#out:1</P>
    <P Name="Dst">13::27#in:1</P>
  </Line>
  <Line>
    <P Name="ZOrder">43</P>
    <P Name="Src">13::25#out:1</P>
    <P Name="Points">[15, 0; 0, 105]</P>
    <P Name="Dst">13::26#in:1</P>
  </Line>
</System>
