<?xml version="1.0" encoding="utf-8"?>
<System>
  <P Name="Location">[156, 165, 2082, 1258]</P>
  <P Name="ZoomFactor">127</P>
  <Block BlockType="Inport" Name="Gripper Status" SID="11">
    <P Name="Position">[-10, 143, 20, 157]</P>
    <P Name="ZOrder">100000</P>
    <PortProperties>
      <Port Type="out" Index="1">
        <P Name="PropagatedSignals">Gripper Status</P>
      </Port>
    </PortProperties>
  </Block>
  <Block BlockType="Inport" Name="Robot Configuration" SID="12">
    <P Name="Position">[-10, 183, 20, 197]</P>
    <P Name="ZOrder">100000</P>
    <P Name="Port">2</P>
    <PortProperties>
      <Port Type="out" Index="1">
        <P Name="PropagatedSignals">Robot Configuration</P>
      </Port>
    </PortProperties>
  </Block>
  <Block BlockType="Constant" Name="Constant" SID="17">
    <P Name="Position">[695, 214, 740, 246]</P>
    <P Name="ZOrder">100000</P>
    <P Name="Value">q_grip1</P>
  </Block>
  <Block BlockType="DigitalClock" Name="Digital Clock" SID="15">
    <P Name="Position">[260, -117, 325, -93]</P>
    <P Name="ZOrder">100000</P>
  </Block>
  <Block BlockType="SubSystem" Name="Func for attaching and detaching TargetActor from Tool" SID="13">
    <PortCounts in="6" out="1"/>
    <P Name="Position">[430, -294, 775, -91]</P>
    <P Name="ZOrder">100000</P>
    <P Name="LibrarySourceProduct" Ref="bdmxdata:LibrarySourceProduct_13"/>
    <P Name="ErrorFcn">Stateflow.Translate.translate</P>
    <P Name="PermitHierarchicalResolution">ExplicitOnly</P>
    <P Name="TreatAsAtomicUnit">on</P>
    <P Name="SFBlockType">MATLAB Function</P>
    <P Name="ContentPreviewEnabled">on</P>
    <PortProperties>
      <Port Type="out" Index="1">
        <P Name="PropagatedSignals">targetGrasped</P>
      </Port>
    </PortProperties>
    <System Ref="system_13"/>
  </Block>
  <Block BlockType="SubSystem" Name="MATLAB Function" SID="16">
    <PortCounts in="4" out="1"/>
    <P Name="Position">[870, 93, 1150, 247]</P>
    <P Name="ZOrder">100000</P>
    <P Name="LibrarySourceProduct" Ref="bdmxdata:LibrarySourceProduct_16"/>
    <P Name="ErrorFcn">Stateflow.Translate.translate</P>
    <P Name="PermitHierarchicalResolution">ExplicitOnly</P>
    <P Name="TreatAsAtomicUnit">on</P>
    <P Name="SFBlockType">MATLAB Function</P>
    <P Name="ContentPreviewEnabled">on</P>
    <PortProperties>
      <Port Type="out" Index="1">
        <P Name="PropagatedSignals">robotConfig</P>
      </Port>
    </PortProperties>
    <System Ref="system_16"/>
  </Block>
  <Block BlockType="Reference" Name="Robot Sim3D Actor" SID="3">
    <PortCounts out="5"/>
    <P Name="Position">[-115, -337, 125, -153]</P>
    <P Name="ZOrder">100000</P>
    <P Name="Priority">1</P>
    <P Name="LibrarySourceBlock">sl3dlib/Simulation 3D/Actors/Simulation 3D Actor</P>
    <P Name="LibraryVersion">11.1</P>
    <P Name="SourceBlock">sim3dlib/Simulation 3D Actor</P>
    <P Name="SourceType">Simulation 3D Actor</P>
    <InstanceData>
      <P Name="RTWMemSecFuncInitTerm">Inherit from model</P>
      <P Name="RTWMemSecFuncExecute">Inherit from model</P>
      <P Name="RTWMemSecDataConstants">Inherit from model</P>
      <P Name="RTWMemSecDataInternal">Inherit from model</P>
      <P Name="RTWMemSecDataParameters">Inherit from model</P>
      <P Name="ContentPreviewEnabled">on</P>
      <P Name="ActorName">Sim3dActor2</P>
      <P Name="ParentName">Scene Origin</P>
      <P Name="Operation">Create at setup</P>
      <P Name="InitScriptText">rt = load(&apos;ur5e_gripper.mat&apos;);
robotActor = sim3d.Actor(&apos;ActorName&apos;, &apos;Robo1&apos;);
World.add(robotActor,Actor);

robotActor.load(rt.robot,[1 1 1]);

% finding tool reference 
tool1 = World.Actors.left_inner_finger_pad;
tool2 = World.Actors.right_inner_finger_pad;
tool1.HitEventEnabled = true;
tool1.Collisions = true;

tool2.HitEventEnabled = true;
tool2.Collisions = true;

%tool1.Physics = true; % somehow this Phsyics dont work
% tool1.Color = [10 0 0];
tool1.Mobility =  sim3d.utils.MobilityTypes.Movable;

% tool2.Color = [10 0 0];
tool2.Mobility =  sim3d.utils.MobilityTypes.Movable;

propagate(World.Actors.(&apos;Sim3dActor2&apos;),&apos;Mobility&apos;, sim3d.utils.MobilityTypes.Movable);
propagate(World.Actors.(&apos;Sim3dActor2&apos;),&apos;Shadows&apos;,true);
</P>
      <P Name="SampleTime">-1</P>
      <P Name="Translation">[-0.5 0 1.35]</P>
      <P Name="Rotation">[0 0 0]</P>
      <P Name="Scale">[1 1 1]</P>
      <P Name="EventsText">left_inner_finger_pad.HitEvent          
left_inner_finger_pad.HitOtherActorName 
right_inner_finger_pad.HitEvent         
right_inner_finger_pad.HitOtherActorName</P>
      <P Name="aMode">5</P>
      <P Name="ActorTag">Sim3dActor2</P>
      <P Name="ActorType">Sim3dActor</P>
      <P Name="ID">2</P>
    </InstanceData>
  </Block>
  <Block BlockType="Terminator" Name="Terminator" SID="46">
    <P Name="Position">[235, -325, 255, -305]</P>
    <P Name="ZOrder">100000</P>
  </Block>
  <Block BlockType="Outport" Name="joint configuration" SID="18">
    <P Name="Position">[1245, 163, 1275, 177]</P>
    <P Name="ZOrder">100000</P>
  </Block>
  <Block BlockType="Outport" Name="targetGrasped" SID="6">
    <P Name="Position">[1245, -197, 1275, -183]</P>
    <P Name="ZOrder">100000</P>
    <P Name="Port">2</P>
  </Block>
  <Line>
    <P Name="ZOrder">12</P>
    <P Name="Src">3#out:3</P>
    <P Name="Dst">13#in:2</P>
  </Line>
  <Line>
    <P Name="ZOrder">11</P>
    <P Name="Src">3#out:2</P>
    <P Name="Dst">13#in:1</P>
  </Line>
  <Line>
    <P Name="ZOrder">13</P>
    <P Name="Src">3#out:4</P>
    <P Name="Dst">13#in:3</P>
  </Line>
  <Line>
    <P Name="ZOrder">14</P>
    <P Name="Src">3#out:5</P>
    <P Name="Dst">13#in:4</P>
  </Line>
  <Line>
    <P Name="ZOrder">15</P>
    <P Name="Src">15#out:1</P>
    <P Name="Dst">13#in:6</P>
  </Line>
  <Line>
    <P Name="ZOrder">16</P>
    <P Name="Src">11#out:1</P>
    <P Name="Points">[85, 0]</P>
    <Branch>
      <P Name="ZOrder">26</P>
      <P Name="Points">[0, -290]</P>
      <P Name="Dst">13#in:5</P>
    </Branch>
    <Branch>
      <P Name="ZOrder">25</P>
      <P Name="Dst">16#in:2</P>
    </Branch>
  </Line>
  <Line>
    <P Name="ZOrder">17</P>
    <P Name="Src">12#out:1</P>
    <P Name="Dst">16#in:3</P>
  </Line>
  <Line>
    <P Name="ZOrder">18</P>
    <P Name="Src">13#out:1</P>
    <P Name="Points">[38, 0]</P>
    <Branch>
      <P Name="ZOrder">20</P>
      <P Name="Points">[0, 300]</P>
      <P Name="Dst">16#in:1</P>
    </Branch>
    <Branch>
      <P Name="ZOrder">19</P>
      <P Name="Dst">6#in:1</P>
    </Branch>
  </Line>
  <Line>
    <P Name="ZOrder">21</P>
    <P Name="Src">17#out:1</P>
    <P Name="Dst">16#in:4</P>
  </Line>
  <Line>
    <P Name="ZOrder">22</P>
    <P Name="Src">16#out:1</P>
    <P Name="Dst">18#in:1</P>
  </Line>
  <Line>
    <P Name="ZOrder">23</P>
    <P Name="Src">3#out:1</P>
    <P Name="Dst">46#in:1</P>
  </Line>
</System>
