<?xml version="1.0" encoding="utf-8"?>
<System>
  <P Name="Location">[1919, 0, 3841, 1041]</P>
  <P Name="Open">on</P>
  <P Name="ZoomFactor">25</P>
  <P Name="ReportName">simulink-default.rpt</P>
  <P Name="SIDHighWatermark">69</P>
  <Block BlockType="Terminator" Name="Camera Transform" SID="51">
    <P Name="Position">[1620, 435, 1640, 455]</P>
    <P Name="ZOrder">100000</P>
  </Block>
  <Block BlockType="Constant" Name="Constant" SID="41">
    <P Name="Position">[-210, 310, -140, 340]</P>
    <P Name="ZOrder">100000</P>
    <P Name="Value">q_marker_int1</P>
    <P Name="SampleTime">-1</P>
  </Block>
  <Block BlockType="Constant" Name="Constant1" SID="43">
    <P Name="Position">[-210, 390, -140, 420]</P>
    <P Name="ZOrder">100000</P>
    <P Name="Value">q_retBlue1</P>
  </Block>
  <Block BlockType="Constant" Name="Constant2" SID="69">
    <P Name="Position">[165, 375, 195, 405]</P>
    <P Name="ZOrder">100000</P>
    <P Name="Value">[0,0,0]</P>
  </Block>
  <Block BlockType="SubSystem" Name="Generate Robot Config" SID="40">
    <PortCounts in="3" out="3"/>
    <P Name="Position">[-35, 286, 130, 524]</P>
    <P Name="ZOrder">100000</P>
    <P Name="LibrarySourceProduct" Ref="bdmxdata:LibrarySourceProduct_40"/>
    <P Name="ErrorFcn">Stateflow.Translate.translate</P>
    <P Name="PermitHierarchicalResolution">ExplicitOnly</P>
    <P Name="TreatAsAtomicUnit">on</P>
    <P Name="SFBlockType">MATLAB Function</P>
    <P Name="ContentPreviewEnabled">on</P>
    <PortProperties>
      <Port Type="out" Index="1">
        <P Name="Name">Gripper Status</P>
        <P Name="PropagatedSignals">gripperStatus</P>
      </Port>
      <Port Type="out" Index="2">
        <P Name="Name">Robot Configuration</P>
        <P Name="PropagatedSignals">currentConfig</P>
      </Port>
      <Port Type="out" Index="3">
        <P Name="PropagatedSignals">stop</P>
      </Port>
    </PortProperties>
    <System Ref="system_40"/>
  </Block>
  <Block BlockType="SubSystem" Name="Gripper Subsystem" SID="5">
    <PortCounts in="2" out="2"/>
    <P Name="Position">[575, 284, 825, 446]</P>
    <P Name="ZOrder">100000</P>
    <P Name="ContentPreviewEnabled">on</P>
    <PortProperties>
      <Port Type="out" Index="1">
        <P Name="PropagatedSignals">robotConfig</P>
      </Port>
      <Port Type="out" Index="2">
        <P Name="PropagatedSignals">targetGrasped</P>
      </Port>
    </PortProperties>
    <System Ref="system_5"/>
  </Block>
  <Block BlockType="SubSystem" Name="MATLAB Function" SID="68">
    <PortCounts in="2" out="1"/>
    <P Name="Position">[235, 383, 305, 432]</P>
    <P Name="ZOrder">100000</P>
    <P Name="LibrarySourceProduct" Ref="bdmxdata:LibrarySourceProduct_68"/>
    <P Name="ErrorFcn">Stateflow.Translate.translate</P>
    <P Name="PermitHierarchicalResolution">ExplicitOnly</P>
    <P Name="TreatAsAtomicUnit">on</P>
    <P Name="SFBlockType">MATLAB Function</P>
    <P Name="ContentPreviewEnabled">on</P>
    <PortProperties>
      <Port Type="out" Index="1">
        <P Name="PropagatedSignals">config</P>
      </Port>
    </PortProperties>
    <System Ref="system_68"/>
  </Block>
  <Block BlockType="VideoViewer" Name="RGB " SID="49">
    <PortCounts in="1"/>
    <P Name="Position">[1560, 272, 1700, 318]</P>
    <P Name="ZOrder">100000</P>
    <P Name="ScopeSpecificationString">vipscopes.VideoViewerScopeCfg(&apos;CurrentConfiguration&apos;, extmgr.ConfigurationSet(extmgr.Configuration(&apos;Core&apos;,&apos;General UI&apos;,true),extmgr.Configuration(&apos;Core&apos;,&apos;Source UI&apos;,true),extmgr.Configuration(&apos;Sources&apos;,&apos;WiredSimulink&apos;,true),extmgr.Configuration(&apos;Visuals&apos;,&apos;Video&apos;,true),extmgr.Configuration(&apos;Tools&apos;,&apos;Image Navigation Tools&apos;,true,&apos;Magnification&apos;,0.325),extmgr.Configuration(&apos;Tools&apos;,&apos;Image Tool&apos;,true),extmgr.Configuration(&apos;Tools&apos;,&apos;Pixel Region&apos;,true)),&apos;Version&apos;,&apos;2025b&apos;,&apos;Position&apos;,[1319 608 418 304],&apos;VisibleAtModelOpen&apos;,&apos;on&apos;)</P>
    <P Name="colormapValue">gray(256)</P>
    <P Name="FigPos">[1319 471 418 304]</P>
  </Block>
  <Block BlockType="Terminator" Name="Robot Transform" SID="59">
    <P Name="Position">[1620, 505, 1640, 525]</P>
    <P Name="ZOrder">100000</P>
  </Block>
  <Block BlockType="Reference" Name="Simulation 3D Robot" SID="4">
    <PortCounts in="1" out="1"/>
    <P Name="Position">[955, 286, 1155, 454]</P>
    <P Name="ZOrder">100000</P>
    <P Name="LibraryVersion">4.0</P>
    <P Name="SourceBlock">robotsim3dlib/Simulation 3D Robot</P>
    <P Name="SourceType">Simulation 3D Robot</P>
    <InstanceData>
      <P Name="RTWMemSecFuncInitTerm">Inherit from model</P>
      <P Name="RTWMemSecFuncExecute">Inherit from model</P>
      <P Name="RTWMemSecDataConstants">Inherit from model</P>
      <P Name="RTWMemSecDataInternal">Inherit from model</P>
      <P Name="RTWMemSecDataParameters">Inherit from model</P>
      <P Name="ContentPreviewEnabled">on</P>
      <P Name="actorInputType">RigidBodyTree Object</P>
      <P Name="RigidBodyTree">rt.robot</P>
      <P Name="ActorName">Robo1</P>
      <P Name="existActorChekBox">on</P>
      <P Name="initialTrans">[0 0 0]</P>
      <P Name="initialRot">[0 0 0]</P>
      <P Name="initialConfig">[-0.2618 -2.1991 1.9722 -1.3963 -1.5882 1.3265 0 0 0 0 0 0]</P>
      <P Name="EndEffector">right_inner_finger_pad</P>
      <P Name="eeOffsetInpChekBox">off</P>
      <P Name="eeTargetTrans">[0 0 0]</P>
      <P Name="eeTargetRot">[0 0 0]</P>
      <P Name="enableRegionGraspChekBox">off</P>
      <P Name="regionGraspInpChekBox">off</P>
      <P Name="eeTargTransDiff">[0.2 0.2 0.2]</P>
      <P Name="eeTargRotDiff">[0 0 0]</P>
      <P Name="enableVisualVisualization">on</P>
      <P Name="enableCollisionVisualization">off</P>
      <P Name="collisionGeomColor">[0 1 0]</P>
      <P Name="collisionGeomTransp">0.1</P>
      <P Name="inpConfEnbVal">on</P>
      <P Name="inpGraspEnbVal">off</P>
      <P Name="inpTransEnbVal">off</P>
      <P Name="outConfEnbVal">on</P>
      <P Name="outGraspEnbVal">off</P>
      <P Name="outTransEnbVal">off</P>
      <P Name="SampleTime">0.01</P>
      <P Name="ActorType">SimulinkVehicle</P>
      <P Name="ID">C</P>
      <P Name="aMode">6</P>
      <P Name="ActorTag">Robo1</P>
      <P Name="Mesh">RigidBodyTree</P>
    </InstanceData>
  </Block>
  <Block BlockType="Reference" Name="Simulation 3D Scene Configuration" SID="1">
    <PortCounts/>
    <P Name="Position">[-225, 0, -25, 100]</P>
    <P Name="ZOrder">100000</P>
    <P Name="Priority">0</P>
    <P Name="LibrarySourceBlock">sl3dlib/Simulation 3D/Environment/Simulation 3D Scene Configuration</P>
    <P Name="LibraryVersion">11.1</P>
    <P Name="SourceBlock">sim3dlib/Simulation 3D Scene Configuration</P>
    <P Name="SourceType">Simulation 3D Scene Configuration</P>
    <InstanceData>
      <P Name="RTWMemSecFuncInitTerm">Inherit from model</P>
      <P Name="RTWMemSecFuncExecute">Inherit from model</P>
      <P Name="RTWMemSecDataConstants">Inherit from model</P>
      <P Name="RTWMemSecDataInternal">Inherit from model</P>
      <P Name="RTWMemSecDataParameters">Inherit from model</P>
      <P Name="ContentPreviewEnabled">on</P>
      <P Name="ProjectFormat">Default Scenes</P>
      <P Name="SceneDesc">Empty scene</P>
      <P Name="ProjectName">C:\Program Files\MATLAB\R2025b\toolbox\shared\sim3d_projects\automotive_project_windows\UE\WindowsNoEditor\VehicleSimulation.exe</P>
      <P Name="ScenePath">/Game/Maps/HwStrght</P>
      <P Name="EnableOpenDRIVE">off</P>
      <P Name="vehTagList">{&apos;Custom&apos;;&apos;Robo1&apos;;&apos;Scene Origin&apos;;&apos;Sim3dActor1&apos;;&apos;Sim3dActor2&apos;;&apos;cameraPlaceHolder&apos;}</P>
      <P Name="vehTag">Scene Origin</P>
      <P Name="AttachedCameraRelativeTranslation">[0 0 0]</P>
      <P Name="FreeCameraDefaultInitialTranslation">[-6, 0, 2]</P>
      <P Name="AttachedCameraRelativeRotation">[0 0 0]</P>
      <P Name="FreeCameraDefaultInitialRotation">[0, -15, 0]</P>
      <P Name="ViewpointName">Custom</P>
      <P Name="FreeCameraInitialTranslation">[0, 0, 0]</P>
      <P Name="ViewpointTranslation">[0 0 0]</P>
      <P Name="FreeCameraInitialRotation">[0, 0, 0]</P>
      <P Name="ViewpointRotation">[0 0 0]</P>
      <P Name="OpVisEn">off</P>
      <P Name="Ts">0.01</P>
      <P Name="EnableWindow">on</P>
      <P Name="EnableRemoteAccess">off</P>
      <P Name="EnableWeather">off</P>
      <P Name="SunAzimuth">90</P>
      <P Name="SunAltitude">40.0</P>
      <P Name="EnableGeospatialSun">off</P>
      <P Name="Latitude">0</P>
      <P Name="Longitude">0</P>
      <P Name="Date">2023-01-01</P>
      <P Name="Time">10:30:00</P>
      <P Name="GeoTimeZone">-5.0</P>
      <P Name="SunDaylightSaving">off</P>
      <P Name="wind">1</P>
      <P Name="clouds">10</P>
      <P Name="EnableVolumetricClouds">off</P>
      <P Name="CloudCoverage">0</P>
      <P Name="CloudAltitude">6</P>
      <P Name="fog">0</P>
      <P Name="rain">0</P>
      <P Name="RaindropsEffect">off</P>
      <P Name="SnowDensity">0</P>
      <P Name="EnableGeospatial">off</P>
      <P Name="TilesetSource">Earth terrain</P>
      <P Name="UseTrueOrigin">off</P>
      <P Name="OriginHeight">200</P>
      <P Name="OriginLatitude">40.744652</P>
      <P Name="OriginLongitude">-73.988864</P>
      <P Name="MapStyle">Aerial</P>
      <P Name="AdditionalAssetIDs">[]</P>
      <P Name="UseAdvancedSunSky">off</P>
      <P Name="SolarTime">11</P>
      <P Name="TimeZone">-5</P>
      <P Name="Day">21</P>
      <P Name="Month">9</P>
      <P Name="Year">2022</P>
      <P Name="UseDaylightSavingTime">on</P>
      <P Name="DSTStartDay">10</P>
      <P Name="DSTStartMonth">3</P>
      <P Name="DSTEndDay">3</P>
      <P Name="DSTEndMonth">11</P>
      <P Name="DSTSwitchHour">2</P>
      <P Name="sensorTag">MainCamera1</P>
      <P Name="sensorId">1</P>
      <P Name="sensorName">MainCamera1</P>
      <P Name="mountLoc">Origin</P>
      <P Name="offsetFlag">off</P>
      <P Name="tmountOffset">[0, 0, 0]</P>
      <P Name="rmountOffset">[0, 0, 0]</P>
      <P Name="HorizontalResolution">1280</P>
      <P Name="VerticalResolution">720</P>
      <P Name="HorizontalFOV">60</P>
      <P Name="mountPoint">[0 0 0]</P>
      <P Name="mountOrientation">[0 0 0]</P>
      <P Name="aMode">5</P>
      <P Name="ID">1</P>
      <P Name="GeoTrigger">Inactive</P>
      <P Name="ViewNameList">{&apos;Custom&apos;}</P>
      <P Name="ViewTranslationList">{&apos;[0 0 0]&apos;}</P>
      <P Name="ViewRotationList">{&apos;[0 0 0]&apos;}</P>
    </InstanceData>
  </Block>
  <Block BlockType="Stop" Name="Stop Simulation" SID="62">
    <P Name="Position">[180, 467, 215, 503]</P>
    <P Name="ZOrder">100000</P>
  </Block>
  <Block BlockType="Terminator" Name="Terminator" SID="47">
    <P Name="Position">[305, -30, 325, -10]</P>
    <P Name="ZOrder">100000</P>
  </Block>
  <Block BlockType="Terminator" Name="Terminator3" SID="55">
    <P Name="Position">[305, 95, 325, 115]</P>
    <P Name="ZOrder">100000</P>
    <P Name="Commented">on</P>
  </Block>
  <Block BlockType="Reference" Name="Test World 1" SID="2">
    <PortCounts out="1"/>
    <P Name="Position">[40, -70, 240, 30]</P>
    <P Name="ZOrder">100000</P>
    <P Name="Priority">1</P>
    <P Name="LibrarySourceBlock">sl3dlib/Simulation 3D/Actors/Simulation 3D Actor</P>
    <P Name="LibraryVersion">11.1</P>
    <P Name="SourceBlock">sim3dlib/Simulation 3D Actor</P>
    <P Name="SourceType">Simulation 3D Actor</P>
    <InstanceData>
      <P Name="RTWMemSecFuncInitTerm">Inherit from model</P>
      <P Name="RTWMemSecFuncExecute">Inherit from model</P>
      <P Name="RTWMemSecDataConstants">Inherit from model</P>
      <P Name="RTWMemSecDataInternal">Inherit from model</P>
      <P Name="RTWMemSecDataParameters">Inherit from model</P>
      <P Name="ContentPreviewEnabled">on</P>
      <P Name="ActorName">Sim3dActor1</P>
      <P Name="ParentName">Scene Origin</P>
      <P Name="Operation">Create at setup</P>
      <P Name="InitScriptText">% Reserved keywords:
% - Actor : handle to this actor object
% - World : handle to the world object

% Examples:

% Create a primitive geometry (optional)
% createShape(Actor, &apos;box&apos;, [1 1 1]);

% Initialize values (optional)
% Actor.Physics = true;
% Actor.Color = [1 0 0];
Actor.load(&apos;example_world.mat&apos;)</P>
      <P Name="SampleTime">-1</P>
      <P Name="Translation">[0 0 0]</P>
      <P Name="Rotation">[0 0 0]</P>
      <P Name="Scale">[1 1 1]</P>
      <P Name="aMode">5</P>
      <P Name="ActorTag">Sim3dActor1</P>
      <P Name="ActorType">Sim3dActor</P>
      <P Name="ID">1</P>
    </InstanceData>
  </Block>
  <Block BlockType="Reference" Name="Test World 2" SID="54">
    <PortCounts out="1"/>
    <P Name="Position">[40, 55, 240, 155]</P>
    <P Name="ZOrder">100000</P>
    <P Name="Priority">1</P>
    <P Name="Commented">on</P>
    <P Name="LibrarySourceBlock">sl3dlib/Simulation 3D/Actors/Simulation 3D Actor</P>
    <P Name="LibraryVersion">11.1</P>
    <P Name="SourceBlock">sim3dlib/Simulation 3D Actor</P>
    <P Name="SourceType">Simulation 3D Actor</P>
    <InstanceData>
      <P Name="RTWMemSecFuncInitTerm">Inherit from model</P>
      <P Name="RTWMemSecFuncExecute">Inherit from model</P>
      <P Name="RTWMemSecDataConstants">Inherit from model</P>
      <P Name="RTWMemSecDataInternal">Inherit from model</P>
      <P Name="RTWMemSecDataParameters">Inherit from model</P>
      <P Name="ContentPreviewEnabled">on</P>
      <P Name="ActorName">Sim3dActor3</P>
      <P Name="ParentName">Scene Origin</P>
      <P Name="Operation">Create at setup</P>
      <P Name="InitScriptText">% Reserved keywords:
% - Actor : handle to this actor object
% - World : handle to the world object

% Examples:

% Create a primitive geometry (optional)
% createShape(Actor, &apos;box&apos;, [1 1 1]);

% Initialize values (optional)
% Actor.Physics = true;
% Actor.Color = [1 0 0];
Actor.load(&apos;example_world2.mat&apos;)</P>
      <P Name="SampleTime">-1</P>
      <P Name="Translation">[0 0 0]</P>
      <P Name="Rotation">[0 0 0]</P>
      <P Name="Scale">[1 1 1]</P>
      <P Name="aMode">5</P>
      <P Name="ActorTag">Sim3dActor3</P>
      <P Name="ActorType">Sim3dActor</P>
      <P Name="ID">3</P>
    </InstanceData>
  </Block>
  <Block BlockType="ToWorkspace" Name="To Workspace" SID="64">
    <PortCounts in="1"/>
    <P Name="Position">[1825, 285, 1915, 315]</P>
    <P Name="ZOrder">100000</P>
    <P Name="VariableName">rgb</P>
    <P Name="MaxDataPoints">100</P>
    <P Name="SaveFormat">Structure With Time</P>
    <P Name="FixptAsFi">on</P>
    <P Name="SampleTime">-1</P>
  </Block>
  <Block BlockType="ToWorkspace" Name="To Workspace1" SID="65">
    <PortCounts in="1"/>
    <P Name="Position">[1825, 355, 1915, 385]</P>
    <P Name="ZOrder">100000</P>
    <P Name="VariableName">depth</P>
    <P Name="MaxDataPoints">100</P>
    <P Name="SaveFormat">Structure With Time</P>
    <P Name="FixptAsFi">on</P>
    <P Name="SampleTime">-1</P>
  </Block>
  <Block BlockType="ToWorkspace" Name="To Workspace2" SID="66">
    <PortCounts in="1"/>
    <P Name="Position">[1825, 430, 1915, 460]</P>
    <P Name="ZOrder">100000</P>
    <P Name="VariableName">camera_transform</P>
    <P Name="MaxDataPoints">100</P>
    <P Name="SaveFormat">Structure With Time</P>
    <P Name="FixptAsFi">on</P>
    <P Name="SampleTime">-1</P>
  </Block>
  <Block BlockType="ToWorkspace" Name="To Workspace3" SID="67">
    <PortCounts in="1"/>
    <P Name="Position">[1825, 500, 1915, 530]</P>
    <P Name="ZOrder">100000</P>
    <P Name="VariableName">robot_transform</P>
    <P Name="MaxDataPoints">100</P>
    <P Name="SaveFormat">Structure With Time</P>
    <P Name="FixptAsFi">on</P>
    <P Name="SampleTime">-1</P>
  </Block>
  <Block BlockType="UnitDelay" Name="Unit Delay" SID="45">
    <P Name="Position">[405, 583, 440, 617]</P>
    <P Name="ZOrder">100000</P>
    <P Name="BlockMirror">on</P>
    <P Name="SampleTime">-1</P>
    <P Name="HasFrameUpgradeWarning">on</P>
  </Block>
  <Block BlockType="SubSystem" Name="camera subsystem" SID="19">
    <PortCounts in="1" out="3"/>
    <P Name="Position">[1265, 258, 1450, 482]</P>
    <P Name="ZOrder">100000</P>
    <P Name="LibrarySourceProduct" Ref="bdmxdata:LibrarySourceProduct_19"/>
    <P Name="ContentPreviewEnabled">on</P>
    <System Ref="system_19"/>
  </Block>
  <Line>
    <P Name="ZOrder">6</P>
    <P Name="Src">5#out:1</P>
    <P Name="Points">[55, 0; 0, 45]</P>
    <P Name="Dst">4#in:1</P>
  </Line>
  <Line>
    <P Name="ZOrder">8</P>
    <P Name="Src">4#out:1</P>
    <P Name="Points">[43, 0]</P>
    <Branch>
      <P Name="ZOrder">28</P>
      <P Name="Points">[0, 145; 354, 0]</P>
      <Branch>
        <P Name="ZOrder">56</P>
        <P Name="Points">[0, 181; -1401, 0; 0, -276]</P>
        <P Name="Dst">68#in:2</P>
      </Branch>
      <Branch>
        <P Name="ZOrder">55</P>
        <P Name="Points">[10, 0]</P>
        <Branch>
          <P Name="ZOrder">49</P>
          <P Name="Points">[0, -28; 166, 0; 0, 28]</P>
          <P Name="Dst">67#in:1</P>
        </Branch>
        <Branch>
          <P Name="ZOrder">48</P>
          <P Name="Dst">59#in:1</P>
        </Branch>
      </Branch>
    </Branch>
    <Branch>
      <P Name="ZOrder">25</P>
      <P Name="Dst">19#in:1</P>
    </Branch>
  </Line>
  <Line>
    <P Name="ZOrder">9</P>
    <P Name="Src">41#out:1</P>
    <P Name="Dst">40#in:1</P>
  </Line>
  <Line>
    <P Name="ZOrder">10</P>
    <P Name="Src">43#out:1</P>
    <P Name="Dst">40#in:2</P>
  </Line>
  <Line>
    <P Name="Name">Gripper Status</P>
    <P Name="ZOrder">11</P>
    <P Name="Labels">[0, 0]</P>
    <P Name="Src">40#out:1</P>
    <P Name="Dst">5#in:1</P>
  </Line>
  <Line>
    <P Name="ZOrder">29</P>
    <P Name="Src">40#out:3</P>
    <P Name="Dst">62#in:1</P>
  </Line>
  <Line>
    <P Name="ZOrder">14</P>
    <P Name="Src">5#out:2</P>
    <P Name="Points">[19, 0; 0, 195]</P>
    <P Name="Dst">45#in:1</P>
  </Line>
  <Line>
    <P Name="ZOrder">15</P>
    <P Name="Src">45#out:1</P>
    <P Name="Points">[-502, 0; 0, -115]</P>
    <P Name="Dst">40#in:3</P>
  </Line>
  <Line>
    <P Name="ZOrder">16</P>
    <P Name="Src">2#out:1</P>
    <P Name="Dst">47#in:1</P>
  </Line>
  <Line>
    <P Name="ZOrder">18</P>
    <P Name="Src">19#out:1</P>
    <P Name="Points">[70, 0]</P>
    <Branch>
      <P Name="ZOrder">43</P>
      <P Name="Points">[0, 44; 238, 0; 0, -39]</P>
      <P Name="Dst">64#in:1</P>
    </Branch>
    <Branch>
      <P Name="ZOrder">42</P>
      <P Name="Dst">49#in:1</P>
    </Branch>
  </Line>
  <Line>
    <P Name="ZOrder">19</P>
    <P Name="Src">19#out:2</P>
    <P Name="Dst">65#in:1</P>
  </Line>
  <Line>
    <P Name="ZOrder">20</P>
    <P Name="Src">19#out:3</P>
    <P Name="Points">[79, 0]</P>
    <Branch>
      <P Name="ZOrder">47</P>
      <P Name="Points">[0, -18; 179, 0; 0, 18]</P>
      <P Name="Dst">66#in:1</P>
    </Branch>
    <Branch>
      <P Name="ZOrder">46</P>
      <P Name="Dst">51#in:1</P>
    </Branch>
  </Line>
  <Line>
    <P Name="ZOrder">24</P>
    <P Name="Src">54#out:1</P>
    <P Name="Dst">55#in:1</P>
  </Line>
  <Line>
    <P Name="ZOrder">54</P>
    <P Name="Src">68#out:1</P>
    <P Name="Points">[0, -5]</P>
    <P Name="Dst">5#in:2</P>
  </Line>
  <Line>
    <P Name="ZOrder">57</P>
    <P Name="Src">69#out:1</P>
    <P Name="Points">[10, 0; 0, 5]</P>
    <P Name="Dst">68#in:1</P>
  </Line>
  <Annotation SID="58">
    <P Name="Name">Robot Subsystem (DO NOT CHANGE) </P>
    <P Name="Position">[517, 218, 1508, 672]</P>
    <P Name="InternalMargins">[0, 0, 0, 0]</P>
    <P Name="FixedHeight">on</P>
    <P Name="FixedWidth">on</P>
    <P Name="ForegroundColor">[0.992157, 0.937255, 0.913725]</P>
    <P Name="BackgroundColor">[0.992157, 0.937255, 0.913725]</P>
    <P Name="DropShadow">on</P>
    <P Name="AnnotationType">area_annotation</P>
    <P Name="ZOrder">159</P>
    <P Name="FontSize">12</P>
  </Annotation>
  <Annotation SID="57">
    <P Name="Name">Planning and Behavior</P>
    <P Name="Position">[-264, 218, 350, 672]</P>
    <P Name="InternalMargins">[0, 0, 0, 0]</P>
    <P Name="FixedHeight">on</P>
    <P Name="FixedWidth">on</P>
    <P Name="ForegroundColor">[0.901961, 0.901961, 1.000000]</P>
    <P Name="BackgroundColor">[0.901961, 0.901961, 1.000000]</P>
    <P Name="DropShadow">on</P>
    <P Name="AnnotationType">area_annotation</P>
    <P Name="ZOrder">158</P>
    <P Name="FontSize">12</P>
  </Annotation>
  <Annotation SID="56">
    <P Name="Name">Simulation Configuration (Uncomment the world needed)</P>
    <P Name="Position">[-264, -106, 350, 198]</P>
    <P Name="InternalMargins">[0, 0, 0, 0]</P>
    <P Name="FixedHeight">on</P>
    <P Name="FixedWidth">on</P>
    <P Name="ForegroundColor">[0.901961, 0.901961, 1.000000]</P>
    <P Name="BackgroundColor">[0.901961, 0.901961, 1.000000]</P>
    <P Name="DropShadow">on</P>
    <P Name="AnnotationType">area_annotation</P>
    <P Name="ZOrder">157</P>
    <P Name="FontSize">12</P>
  </Annotation>
  <Annotation SID="61">
    <P Name="Name">&lt;!DOCTYPE HTML PUBLIC &quot;-//W3C//DTD HTML 4.0//EN&quot; &quot;http://www.w3.org/TR/REC-html40/strict.dtd&quot;&gt;
&lt;html&gt;&lt;head&gt;&lt;meta name=&quot;qrichtext&quot; content=&quot;1&quot; /&gt;&lt;style type=&quot;text/css&quot;&gt;
p, li { white-space: pre-wrap; }
&lt;/style&gt;&lt;/head&gt;&lt;body align=&quot;left&quot; style=&quot; font-family:&apos;Helvetica&apos;; font-size:16px; font-weight:400; font-style:normal;&quot;&gt;
&lt;p align=&quot;left&quot; style=&quot; margin-top:3px; margin-bottom:5px; margin-left:0px; margin-right:10px; -qt-block-indent:0; text-indent:0px; line-height:28.8px;&quot;&gt;&lt;span style=&quot; font-family:&apos;Helvetica,Arial,sans-serif&apos;; font-size:xx-large; color:#d55000;&quot;&gt;RoboCup ARM Challenge 2026&lt;/span&gt;&lt;/p&gt;
&lt;p align=&quot;left&quot; style=&quot; margin-top:0px; margin-bottom:0px; margin-left:0px; margin-right:0px; -qt-block-indent:0; text-indent:0px;&quot;&gt;&lt;span style=&quot; font-family:&apos;Helvetica,Arial,sans-serif&apos;; font-size:14px; color:#000000;&quot;&gt;This model contains the simulation environment for the MathWorks RoboCup ARM Challenge 2026. &lt;/span&gt;&lt;/p&gt;
&lt;p align=&quot;left&quot; style=&quot;-qt-paragraph-type:empty; margin-top:0px; margin-bottom:0px; margin-left:0px; margin-right:0px; -qt-block-indent:0; text-indent:0px; font-size:14px;&quot;&gt;&lt;br /&gt;&lt;/p&gt;
&lt;p align=&quot;left&quot; style=&quot;-qt-paragraph-type:empty; margin-top:0px; margin-bottom:0px; margin-left:0px; margin-right:0px; -qt-block-indent:0; text-indent:0px; font-size:14px;&quot;&gt;&lt;br /&gt;&lt;/p&gt;
&lt;p align=&quot;left&quot; style=&quot; margin-top:0px; margin-bottom:0px; margin-left:0px; margin-right:0px; -qt-block-indent:0; text-indent:0px;&quot;&gt;&lt;span style=&quot; font-family:&apos;Roboto,arial,sans-serif&apos;; font-size:16px; color:#222222; background-color:#ffffff;&quot;&gt;© &lt;/span&gt;&lt;span style=&quot; font-size:14px;&quot;&gt;Copyright 2026 The MathWorks, Inc.&lt;/span&gt;&lt;/p&gt;&lt;/body&gt;&lt;/html&gt;</P>
    <P Name="Position">[517, -103, 1336, 53]</P>
    <P Name="InternalMargins">[0, 0, 0, 0]</P>
    <P Name="FixedHeight">on</P>
    <P Name="FixedWidth">on</P>
    <P Name="Interpreter">rich</P>
    <P Name="ZOrder">-2</P>
    <P Name="FontSize">16</P>
  </Annotation>
</System>
