<?xml version="1.0" encoding="utf-8"?>
<System>
  <P Name="Location">[223, 338, 826, 833]</P>
  <P Name="SIDHighWatermark">31</P>
  <Block BlockType="Inport" Name="T" SID="25::1">
    <P Name="Position">[20, 101, 40, 119]</P>
    <P Name="ZOrder">-1</P>
  </Block>
  <Block BlockType="Demux" Name=" Demux " SID="25::30">
    <PortCounts in="1" out="1"/>
    <P Name="Position">[270, 230, 320, 270]</P>
    <P Name="ZOrder">21</P>
    <P Name="Outputs">1</P>
  </Block>
  <Block BlockType="S-Function" Name=" SFunction " SID="25::29">
    <P Name="Tag">Stateflow S-Function 5</P>
    <PortCounts in="1" out="3"/>
    <P Name="Position">[180, 100, 230, 180]</P>
    <P Name="ZOrder">20</P>
    <P Name="FunctionName">sf_sfun</P>
    <P Name="PortCounts">[1 3]</P>
    <P Name="SFunctionDeploymentMode">off</P>
    <P Name="EnableBusSupport">off</P>
    <P Name="SFcnIsStateOwnerBlock">off</P>
    <PortProperties>
      <Port Type="out" Index="2">
        <P Name="Name">Trans</P>
      </Port>
      <Port Type="out" Index="3">
        <P Name="Name">output</P>
      </Port>
    </PortProperties>
  </Block>
  <Block BlockType="Terminator" Name=" Terminator " SID="25::31">
    <P Name="Position">[460, 241, 480, 259]</P>
    <P Name="ZOrder">22</P>
  </Block>
  <Block BlockType="Outport" Name="Trans" SID="25::5">
    <P Name="Position">[460, 101, 480, 119]</P>
    <P Name="ZOrder">-5</P>
  </Block>
  <Block BlockType="Outport" Name="output" SID="25::28">
    <P Name="Position">[460, 136, 480, 154]</P>
    <P Name="ZOrder">19</P>
    <P Name="Port">2</P>
  </Block>
  <Line>
    <P Name="ZOrder">1</P>
    <P Name="Src">25::29#out:1</P>
    <P Name="Dst">25::30#in:1</P>
  </Line>
  <Line>
    <P Name="ZOrder">2</P>
    <P Name="Src">25::30#out:1</P>
    <P Name="Dst">25::31#in:1</P>
  </Line>
  <Line>
    <P Name="Name">output</P>
    <P Name="ZOrder">3</P>
    <P Name="Labels">[0, 0]</P>
    <P Name="Src">25::29#out:3</P>
    <P Name="Dst">25::28#in:1</P>
  </Line>
  <Line>
    <P Name="Name">Trans</P>
    <P Name="ZOrder">4</P>
    <P Name="Labels">[0, 0]</P>
    <P Name="Src">25::29#out:2</P>
    <P Name="Dst">25::5#in:1</P>
  </Line>
  <Line>
    <P Name="ZOrder">5</P>
    <P Name="Src">25::1#out:1</P>
    <P Name="Dst">25::29#in:1</P>
  </Line>
</System>
