<?xml version="1.0" encoding="utf-8"?>
<System>
  <P Name="Location">[223, 338, 826, 833]</P>
  <P Name="SIDHighWatermark">30</P>
  <Block BlockType="Inport" Name="targetGrasped" SID="16::1">
    <P Name="Position">[20, 101, 40, 119]</P>
    <P Name="ZOrder">-1</P>
    <PortProperties>
      <Port Type="out" Index="1">
        <P Name="PropagatedSignals">targetGrasped</P>
      </Port>
    </PortProperties>
  </Block>
  <Block BlockType="Inport" Name="gripperStatus" SID="16::28">
    <P Name="Position">[20, 136, 40, 154]</P>
    <P Name="ZOrder">19</P>
    <P Name="Port">2</P>
    <PortProperties>
      <Port Type="out" Index="1">
        <P Name="PropagatedSignals">Gripper Status</P>
      </Port>
    </PortProperties>
  </Block>
  <Block BlockType="Inport" Name="inputConfig" SID="16::29">
    <P Name="Position">[20, 171, 40, 189]</P>
    <P Name="ZOrder">20</P>
    <P Name="Port">3</P>
    <PortProperties>
      <Port Type="out" Index="1">
        <P Name="PropagatedSignals">Robot Configuration</P>
      </Port>
    </PortProperties>
  </Block>
  <Block BlockType="Inport" Name="q_grip" SID="16::30">
    <P Name="Position">[20, 206, 40, 224]</P>
    <P Name="ZOrder">21</P>
    <P Name="Port">4</P>
  </Block>
  <Block BlockType="Demux" Name=" Demux " SID="16::26">
    <PortCounts in="1" out="1"/>
    <P Name="Position">[270, 230, 320, 270]</P>
    <P Name="ZOrder">17</P>
    <P Name="Outputs">1</P>
  </Block>
  <Block BlockType="S-Function" Name=" SFunction " SID="16::25">
    <P Name="Tag">Stateflow S-Function 1</P>
    <PortCounts in="4" out="2"/>
    <P Name="Position">[180, 102, 230, 203]</P>
    <P Name="ZOrder">16</P>
    <P Name="FunctionName">sf_sfun</P>
    <P Name="PortCounts">[4 2]</P>
    <P Name="SFunctionDeploymentMode">off</P>
    <P Name="EnableBusSupport">off</P>
    <P Name="SFcnIsStateOwnerBlock">off</P>
    <PortProperties>
      <Port Type="out" Index="2">
        <P Name="Name">robotConfig</P>
      </Port>
    </PortProperties>
  </Block>
  <Block BlockType="Terminator" Name=" Terminator " SID="16::27">
    <P Name="Position">[460, 241, 480, 259]</P>
    <P Name="ZOrder">18</P>
  </Block>
  <Block BlockType="Outport" Name="robotConfig" SID="16::5">
    <P Name="Position">[460, 101, 480, 119]</P>
    <P Name="ZOrder">-5</P>
  </Block>
  <Line>
    <P Name="ZOrder">20</P>
    <P Name="Src">16::1#out:1</P>
    <P Name="Points">[60, 0; 0, 5]</P>
    <P Name="Dst">16::25#in:1</P>
  </Line>
  <Line>
    <P Name="ZOrder">21</P>
    <P Name="Src">16::28#out:1</P>
    <P Name="Points">[60, 0; 0, -5]</P>
    <P Name="Dst">16::25#in:2</P>
  </Line>
  <Line>
    <P Name="ZOrder">22</P>
    <P Name="Src">16::29#out:1</P>
    <P Name="Points">[73, 0; 0, -15]</P>
    <P Name="Dst">16::25#in:3</P>
  </Line>
  <Line>
    <P Name="ZOrder">23</P>
    <P Name="Src">16::30#out:1</P>
    <P Name="Points">[71, 0; 0, -25]</P>
    <P Name="Dst">16::25#in:4</P>
  </Line>
  <Line>
    <P Name="Name">robotConfig</P>
    <P Name="ZOrder">24</P>
    <P Name="Labels">[0, 0]</P>
    <P Name="Src">16::25#out:2</P>
    <P Name="Points">[114, 0; 0, -70]</P>
    <P Name="Dst">16::5#in:1</P>
  </Line>
  <Line>
    <P Name="ZOrder">25</P>
    <P Name="Src">16::26#out:1</P>
    <P Name="Dst">16::27#in:1</P>
  </Line>
  <Line>
    <P Name="ZOrder">26</P>
    <P Name="Src">16::25#out:1</P>
    <P Name="Points">[15, 0; 0, 120]</P>
    <P Name="Dst">16::26#in:1</P>
  </Line>
</System>
