<?xml version="1.0" encoding="utf-8"?>
<System>
  <P Name="Location">[11, 93, 1937, 1186]</P>
  <P Name="ZoomFactor">80</P>
  <Block BlockType="Inport" Name="Config" SID="39">
    <P Name="Position">[40, 613, 70, 627]</P>
    <P Name="ZOrder">100000</P>
  </Block>
  <Block BlockType="Constant" Name="Constant" SID="36">
    <P Name="Position">[10, 737, 95, 763]</P>
    <P Name="ZOrder">100000</P>
    <P Name="Value">[-0.05 0 0]</P>
  </Block>
  <Block BlockType="Reference" Name="Coordinate Transformation Conversion1" SID="37">
    <PortCounts in="1" out="1"/>
    <P Name="Position">[170, 720, 320, 780]</P>
    <P Name="ZOrder">100000</P>
    <P Name="LibrarySourceBlock">navlib/Utilities/Coordinate Transformation Conversion</P>
    <P Name="LibraryVersion">13.0</P>
    <P Name="SourceBlock">robotcorelib/Coordinate Transformation Conversion</P>
    <P Name="SourceType">robotics.slcore.internal.block.CoordinateTransformationConversion</P>
    <InstanceData>
      <P Name="InputRepresentation">Translation Vector</P>
      <P Name="InputEulerSequence">ZYX</P>
      <P Name="ShowTrVecInputPort">on</P>
      <P Name="OutputRepresentation">Homogeneous Transformation</P>
      <P Name="OutputEulerSequence">ZYX</P>
      <P Name="ShowTrVecOutputPort">on</P>
      <P Name="SimulateUsing">Interpreted execution</P>
    </InstanceData>
  </Block>
  <Block BlockType="Gain" Name="Gain" SID="22">
    <P Name="Position">[780, 670, 810, 700]</P>
    <P Name="ZOrder">100000</P>
    <P Name="Gain">[1 0 0 0; 0 -1 0 0; 0 0 -1 0; 0 0 0 1]</P>
    <P Name="Multiplication">Matrix(u*K)</P>
  </Block>
  <Block BlockType="Gain" Name="Gain1" SID="23">
    <P Name="Position">[1255, 640, 1285, 670]</P>
    <P Name="ZOrder">100000</P>
    <P Name="Gain">[1 1 -1]</P>
  </Block>
  <Block BlockType="Gain" Name="Gain2" SID="24">
    <P Name="Position">[680, 670, 715, 700]</P>
    <P Name="ZOrder">100000</P>
    <P Name="Gain">[1 0 0 0; 0 -1 0 0; 0 0 -1 0; 0 0 0 1]</P>
    <P Name="Multiplication">Matrix(K*u)</P>
  </Block>
  <Block BlockType="Reference" Name="Get Transform" SID="38">
    <PortCounts in="1" out="1"/>
    <P Name="Position">[170, 570, 320, 670]</P>
    <P Name="ZOrder">100000</P>
    <P Name="LibraryVersion">12.0</P>
    <P Name="SourceBlock">robotmaniplib/Get Transform</P>
    <P Name="SourceType">Get Transform</P>
    <InstanceData>
      <P Name="RTWMemSecFuncInitTerm">Inherit from model</P>
      <P Name="RTWMemSecFuncExecute">Inherit from model</P>
      <P Name="RTWMemSecDataConstants">Inherit from model</P>
      <P Name="RTWMemSecDataInternal">Inherit from model</P>
      <P Name="RTWMemSecDataParameters">Inherit from model</P>
      <P Name="ContentPreviewEnabled">on</P>
      <P Name="RigidBodyTree">rt.robot</P>
      <P Name="SourceBody">robotiq_arg2f_base_link</P>
      <P Name="TargetBody">base_link</P>
      <P Name="SimulateUsing">Interpreted execution</P>
    </InstanceData>
  </Block>
  <Block BlockType="SubSystem" Name="MATLAB Function" SID="25">
    <PortCounts in="1" out="2"/>
    <P Name="Position">[875, 625, 1055, 740]</P>
    <P Name="ZOrder">100000</P>
    <P Name="LibrarySourceProduct" Ref="bdmxdata:LibrarySourceProduct_25"/>
    <P Name="ErrorFcn">Stateflow.Translate.translate</P>
    <P Name="PermitHierarchicalResolution">ExplicitOnly</P>
    <P Name="TreatAsAtomicUnit">on</P>
    <P Name="SFBlockType">MATLAB Function</P>
    <P Name="ContentPreviewEnabled">on</P>
    <PortProperties>
      <Port Type="out" Index="1">
        <P Name="PropagatedSignals">Trans</P>
      </Port>
      <Port Type="out" Index="2">
        <P Name="PropagatedSignals">output</P>
      </Port>
    </PortProperties>
    <System Ref="system_25"/>
  </Block>
  <Block BlockType="Product" Name="Matrix Multiply" SID="26">
    <PortCounts in="2" out="1"/>
    <P Name="Position">[455, 556, 545, 814]</P>
    <P Name="ZOrder">100000</P>
    <P Name="Multiplication">Matrix(*)</P>
  </Block>
  <Block BlockType="Reference" Name="Simulation 3D Actor" SID="27">
    <PortCounts in="2" out="3"/>
    <P Name="Position">[1385, 622, 1650, 738]</P>
    <P Name="ZOrder">100000</P>
    <P Name="Priority">1</P>
    <P Name="LibrarySourceBlock">sl3dlib/Simulation 3D/Actors/Simulation 3D Actor</P>
    <P Name="LibraryVersion">11.1</P>
    <P Name="SourceBlock">sim3dlib/Simulation 3D Actor</P>
    <P Name="SourceType">Simulation 3D Actor</P>
    <InstanceData>
      <P Name="RTWMemSecFuncInitTerm">Inherit from model</P>
      <P Name="RTWMemSecFuncExecute">Inherit from model</P>
      <P Name="RTWMemSecDataConstants">Inherit from model</P>
      <P Name="RTWMemSecDataInternal">Inherit from model</P>
      <P Name="RTWMemSecDataParameters">Inherit from model</P>
      <P Name="ContentPreviewEnabled">on</P>
      <P Name="ActorName">cameraPlaceHolder</P>
      <P Name="ParentName">Robo1</P>
      <P Name="Operation">Create at setup</P>
      <P Name="InitScriptText">Actor.createShape(&apos;box&apos;, [0.02 0.04 0.06]);
Actor.Mobility=sim3d.utils.MobilityTypes.Movable;
Actor.Color=[1 0 0];
Actor.Translation=[0.05, 0, 0];
Actor.Rotation = [0, 0, 0];
Actor.ConstantAttributes=false;
Actor.Mass = 1;
Actor.Transparency = 0;
Actor.Shininess = 0;</P>
      <P Name="SampleTime">-1</P>
      <P Name="Translation">[0.05 0 0]</P>
      <P Name="Rotation">[0 0 0]</P>
      <P Name="Scale">[1 1 1]</P>
      <P Name="InputsText">cameraPlaceHolder.Translation
cameraPlaceHolder.Rotation   </P>
      <P Name="OutputsText">cameraPlaceHolder.Translation
cameraPlaceHolder.Rotation   </P>
      <P Name="aMode">5</P>
      <P Name="ActorTag">cameraPlaceHolder</P>
      <P Name="ActorType">Sim3dActor</P>
      <P Name="ID">C</P>
    </InstanceData>
  </Block>
  <Block BlockType="Reference" Name="Simulation 3D Camera" SID="28">
    <PortCounts out="2"/>
    <P Name="Position">[1425, 319, 1610, 481]</P>
    <P Name="ZOrder">100000</P>
    <P Name="Priority">1</P>
    <P Name="LibrarySourceBlock">sl3dlib/Simulation 3D/Sensors/Simulation 3D Camera</P>
    <P Name="LibraryVersion">11.0</P>
    <P Name="SourceBlock">sim3dcameralib/Simulation 3D Camera</P>
    <P Name="SourceType">Simulation 3D Camera</P>
    <InstanceData>
      <P Name="RTWMemSecFuncInitTerm">Inherit from model</P>
      <P Name="RTWMemSecFuncExecute">Inherit from model</P>
      <P Name="RTWMemSecDataConstants">Inherit from model</P>
      <P Name="RTWMemSecDataInternal">Inherit from model</P>
      <P Name="RTWMemSecDataParameters">Inherit from model</P>
      <P Name="ContentPreviewEnabled">on</P>
      <P Name="sensorTag">Sim3dSensor�</P>
      <P Name="sensorId">1</P>
      <P Name="sensorName">Sim3dSensor1</P>
      <P Name="vehTagList">{&apos;Scene Origin&apos;;&apos;Sim3dActor1&apos;;&apos;Sim3dActor2&apos;;&apos;SimulinkVehicle1&apos;;&apos;cameraPlaceHolder&apos;}</P>
      <P Name="vehTag">cameraPlaceHolder</P>
      <P Name="CoordinateSystem">ISO8855</P>
      <P Name="mountLoc">Origin</P>
      <P Name="offsetFlag">on</P>
      <P Name="tmountOffset">[0 0 0]</P>
      <P Name="extTmount">off</P>
      <P Name="rmountOffset">[0, -90, 0]</P>
      <P Name="extRmount">off</P>
      <P Name="FocalLength">[1109, 1109]</P>
      <P Name="OpticalCenter">[640, 360]</P>
      <P Name="ImageSize">[720, 1280]</P>
      <P Name="RadialDistortion">[0, 0]</P>
      <P Name="TangentialDistortion">[0, 0]</P>
      <P Name="SensorSkew">0</P>
      <P Name="VisualizeFieldOfView">off</P>
      <P Name="FieldOfViewRange">61</P>
      <P Name="DepthOutportEnabled">on</P>
      <P Name="SemanticOutportEnabled">off</P>
      <P Name="TransformOutportEnabled">off</P>
      <P Name="SampleTime">0.01</P>
      <P Name="mountPoint">[0 0 0]</P>
      <P Name="mountOrientation">[0 -90 0]</P>
      <P Name="aMode">5</P>
      <P Name="ID">1</P>
    </InstanceData>
  </Block>
  <Block BlockType="Terminator" Name="Terminator" SID="29">
    <P Name="Position">[1745, 630, 1765, 650]</P>
    <P Name="ZOrder">100000</P>
  </Block>
  <Block BlockType="Terminator" Name="Terminator1" SID="30">
    <P Name="Position">[1745, 670, 1765, 690]</P>
    <P Name="ZOrder">100000</P>
  </Block>
  <Block BlockType="Terminator" Name="Terminator2" SID="31">
    <P Name="Position">[1745, 710, 1765, 730]</P>
    <P Name="ZOrder">100000</P>
  </Block>
  <Block BlockType="Math" Name="Transpose" SID="32">
    <PortCounts in="1" out="1"/>
    <P Name="Position">[1155, 639, 1185, 671]</P>
    <P Name="ZOrder">100000</P>
    <P Name="Operator">transpose</P>
  </Block>
  <Block BlockType="Outport" Name="Image" SID="33">
    <P Name="Position">[1740, 353, 1770, 367]</P>
    <P Name="ZOrder">100000</P>
  </Block>
  <Block BlockType="Outport" Name="Depth" SID="34">
    <P Name="Position">[1740, 433, 1770, 447]</P>
    <P Name="ZOrder">100000</P>
    <P Name="Port">2</P>
  </Block>
  <Block BlockType="Outport" Name="Camera Tform" SID="35">
    <P Name="Position">[1740, 898, 1770, 912]</P>
    <P Name="ZOrder">100000</P>
    <P Name="Port">3</P>
  </Block>
  <Line>
    <P Name="ZOrder">2</P>
    <P Name="Src">25#out:1</P>
    <P Name="Dst">32#in:1</P>
  </Line>
  <Line>
    <P Name="ZOrder">20</P>
    <P Name="Src">37#out:1</P>
    <P Name="Dst">26#in:2</P>
  </Line>
  <Line>
    <P Name="ZOrder">4</P>
    <P Name="Src">27#out:2</P>
    <P Name="Dst">30#in:1</P>
  </Line>
  <Line>
    <P Name="ZOrder">5</P>
    <P Name="Src">32#out:1</P>
    <P Name="Dst">23#in:1</P>
  </Line>
  <Line>
    <P Name="ZOrder">6</P>
    <P Name="Src">28#out:2</P>
    <P Name="Dst">34#in:1</P>
  </Line>
  <Line>
    <P Name="ZOrder">7</P>
    <P Name="Src">27#out:1</P>
    <P Name="Dst">29#in:1</P>
  </Line>
  <Line>
    <P Name="ZOrder">8</P>
    <P Name="Src">22#out:1</P>
    <P Name="Dst">25#in:1</P>
  </Line>
  <Line>
    <P Name="ZOrder">9</P>
    <P Name="Src">27#out:3</P>
    <P Name="Dst">31#in:1</P>
  </Line>
  <Line>
    <P Name="ZOrder">10</P>
    <P Name="Src">25#out:2</P>
    <P Name="Dst">27#in:2</P>
  </Line>
  <Line>
    <P Name="ZOrder">13</P>
    <P Name="Src">26#out:1</P>
    <P Name="Points">[47, 0]</P>
    <Branch>
      <P Name="ZOrder">12</P>
      <P Name="Dst">24#in:1</P>
    </Branch>
    <Branch>
      <P Name="ZOrder">11</P>
      <P Name="Points">[0, 220]</P>
      <P Name="Dst">35#in:1</P>
    </Branch>
  </Line>
  <Line>
    <P Name="ZOrder">14</P>
    <P Name="Src">23#out:1</P>
    <P Name="Points">[27, 0; 0, -5]</P>
    <P Name="Dst">27#in:1</P>
  </Line>
  <Line>
    <P Name="ZOrder">21</P>
    <P Name="Src">38#out:1</P>
    <P Name="Dst">26#in:1</P>
  </Line>
  <Line>
    <P Name="ZOrder">16</P>
    <P Name="Src">28#out:1</P>
    <P Name="Dst">33#in:1</P>
  </Line>
  <Line>
    <P Name="ZOrder">17</P>
    <P Name="Src">24#out:1</P>
    <P Name="Dst">22#in:1</P>
  </Line>
  <Line>
    <P Name="ZOrder">19</P>
    <P Name="Src">36#out:1</P>
    <P Name="Dst">37#in:1</P>
  </Line>
  <Line>
    <P Name="ZOrder">22</P>
    <P Name="Src">39#out:1</P>
    <P Name="Dst">38#in:1</P>
  </Line>
  <Annotation SID="60">
    <P Name="Name">&lt;!DOCTYPE HTML PUBLIC &quot;-//W3C//DTD HTML 4.0//EN&quot; &quot;http://www.w3.org/TR/REC-html40/strict.dtd&quot;&gt;
&lt;html&gt;&lt;head&gt;&lt;meta name=&quot;qrichtext&quot; content=&quot;1&quot; /&gt;&lt;style type=&quot;text/css&quot;&gt;
p, li { white-space: pre-wrap; }
&lt;/style&gt;&lt;/head&gt;&lt;body align=&quot;left&quot; style=&quot; font-family:&apos;Helvetica&apos;; font-size:10px; font-weight:400; font-style:normal;&quot;&gt;
&lt;p align=&quot;left&quot; style=&quot; margin-top:0px; margin-bottom:0px; margin-left:0px; margin-right:0px; -qt-block-indent:0; text-indent:0px;&quot;&gt;&lt;span style=&quot; font-size:12px;&quot;&gt;This subsystem calculates the translation and rotation of a camera attached 0.05m above the gripper. This is done by calculating the gripper position with forward kinematics and adding the offset for the camera position &lt;/span&gt;&lt;/p&gt;&lt;/body&gt;&lt;/html&gt;</P>
    <P Name="Position">[134, 998, 754, 1037]</P>
    <P Name="InternalMargins">[0, 0, 0, 0]</P>
    <P Name="FixedHeight">on</P>
    <P Name="FixedWidth">on</P>
    <P Name="Interpreter">rich</P>
    <P Name="ZOrder">-1</P>
  </Annotation>
</System>
