<?xml version="1.0" encoding="utf-8"?>
<Stateflow>
  <machine id="11">
    <P Name="sfVersion">82500000</P>
    <Children>
      <target id="53" name="sfun">
        <P Name="description">Default Simulink S-Function Target.</P>
      </target>
      <chart Ref="chart_12"/>
      <chart Ref="chart_22"/>
      <chart Ref="chart_34"/>
      <chart Ref="chart_45"/>
    </Children>
  </machine>
  <instance id="21">
    <P Name="machine">11</P>
    <P Name="name">Gripper Subsystem/MATLAB Function</P>
    <P Name="chart">12</P>
  </instance>
  <instance id="33">
    <P Name="machine">11</P>
    <P Name="name">Gripper Subsystem/Func for attaching and detaching TargetActor from Tool</P>
    <P Name="chart">22</P>
  </instance>
  <instance id="44">
    <P Name="machine">11</P>
    <P Name="name">Generate Robot Config</P>
    <P Name="chart">34</P>
  </instance>
  <instance id="52">
    <P Name="machine">11</P>
    <P Name="name">camera subsystem/MATLAB Function</P>
    <P Name="chart">45</P>
  </instance>
</Stateflow>
